title,price_gbp,rating_out_of_5,availability
A Light in the Attic,51.77,3,In stock
Tipping the Velvet,53.74,1,In stock
Soumission,50.10,1,In stock
Sharp Objects,47.82,4,In stock
Sapiens: A Brief History of Humankind,54.23,5,In stock
The Requiem Red,22.65,1,In stock
The Dirty Little Secrets of Getting Your Dream Job,33.34,4,In stock
The Coming Woman: A Novel Based on the Life of the Infamous Feminist,17.93,3,In stock
The Boys in the Boat,22.60,4,In stock
The Black Maria,52.15,1,In stock
Starving Hearts,13.99,2,In stock
Shakespeare's Sonnets,20.66,4,In stock
Set Me Free,17.46,5,In stock
Scott Pilgrim's Precious Little Life,52.29,5,In stock
Rip it Up and Start Again,35.02,5,In stock
